<?xml version="1.0" encoding="UTF-8"?>
<GenRun Id="synth_1" LaunchPart="xc7a35tcpg236-1" LaunchTime="1582688034">
  <File Type="PA-TCL" Name="Final_design.tcl"/>
  <File Type="RDS-PROPCONSTRS" Name="Final_design_drc_synth.rpt"/>
  <File Type="REPORTS-TCL" Name="Final_design_reports.tcl"/>
  <File Type="RDS-RDS" Name="Final_design.vds"/>
  <File Type="RDS-UTIL" Name="Final_design_utilization_synth.rpt"/>
  <File Type="RDS-UTIL-PB" Name="Final_design_utilization_synth.pb"/>
  <File Type="RDS-DCP" Name="Final_design.dcp"/>
  <File Type="VDS-TIMINGSUMMARY" Name="Final_design_timing_summary_synth.rpt"/>
  <File Type="VDS-TIMING-PB" Name="Final_design_timing_summary_synth.pb"/>
  <FileSet Name="sources" Type="DesignSrcs" RelSrcDir="$PSRCDIR/sources_1">
    <Filter Type="Srcs"/>
    <File Path="$PSRCDIR/sources_1/new/Clock_High_Speed_Design.v">
      <FileInfo>
        <Attr Name="ImportPath" Val="$PPRDIR/../../../../../../Lab3_EE2026/Lab3_EE2026.srcs/sources_1/new/Clock_High_Speed_Design.v"/>
        <Attr Name="ImportTime" Val="1582541567"/>
        <Attr Name="UsedIn" Val="synthesis"/>
        <Attr Name="UsedIn" Val="implementation"/>
        <Attr Name="UsedIn" Val="simulation"/>
      </FileInfo>
    </File>
    <File Path="$PSRCDIR/sources_1/new/Clock_Low_Speed_Design.v">
      <FileInfo>
        <Attr Name="ImportPath" Val="$PPRDIR/../../../../../../Lab3_EE2026/Lab3_EE2026.srcs/sources_1/new/Clock_Low_Speed_Design.v"/>
        <Attr Name="ImportTime" Val="1582543734"/>
        <Attr Name="UsedIn" Val="synthesis"/>
        <Attr Name="UsedIn" Val="implementation"/>
        <Attr Name="UsedIn" Val="simulation"/>
      </FileInfo>
    </File>
    <File Path="$PSRCDIR/sources_1/new/Clock_Medium_Speed_Design.v">
      <FileInfo>
        <Attr Name="ImportPath" Val="$PPRDIR/../../../../../../Lab3_EE2026/Lab3_EE2026.srcs/sources_1/new/Clock_Medium_Speed_Design.v"/>
        <Attr Name="ImportTime" Val="1582540779"/>
        <Attr Name="UsedIn" Val="synthesis"/>
        <Attr Name="UsedIn" Val="implementation"/>
        <Attr Name="UsedIn" Val="simulation"/>
      </FileInfo>
    </File>
    <File Path="$PSRCDIR/sources_1/new/Seven_Segment_Design.v">
      <FileInfo>
        <Attr Name="ImportPath" Val="$PPRDIR/../../../../../../Lab3_EE2026/Lab3_EE2026.srcs/sources_1/new/Seven_Segment_Design.v"/>
        <Attr Name="ImportTime" Val="1582683342"/>
        <Attr Name="UsedIn" Val="synthesis"/>
        <Attr Name="UsedIn" Val="implementation"/>
        <Attr Name="UsedIn" Val="simulation"/>
      </FileInfo>
    </File>
    <File Path="$PSRCDIR/sources_1/new/Task_B_design.v">
      <FileInfo>
        <Attr Name="ImportPath" Val="$PPRDIR/../../../../../../Lab3_EE2026/Lab3_EE2026.srcs/sources_1/new/Task_B_design.v"/>
        <Attr Name="ImportTime" Val="1582687706"/>
        <Attr Name="UsedIn" Val="synthesis"/>
        <Attr Name="UsedIn" Val="implementation"/>
        <Attr Name="UsedIn" Val="simulation"/>
      </FileInfo>
    </File>
    <File Path="$PSRCDIR/sources_1/new/TaskA_design.v">
      <FileInfo>
        <Attr Name="AutoDisabled" Val="1"/>
        <Attr Name="ImportPath" Val="$PPRDIR/../../../../../../Lab3_EE2026/Lab3_EE2026.srcs/sources_1/new/TaskA_design.v"/>
        <Attr Name="ImportTime" Val="1582671399"/>
        <Attr Name="UsedIn" Val="synthesis"/>
        <Attr Name="UsedIn" Val="implementation"/>
        <Attr Name="UsedIn" Val="simulation"/>
      </FileInfo>
    </File>
    <File Path="$PSRCDIR/sources_1/new/Alphabet_Design.v">
      <FileInfo>
        <Attr Name="AutoDisabled" Val="1"/>
        <Attr Name="ImportPath" Val="$PPRDIR/../../../../../../Lab3_EE2026/Lab3_EE2026.srcs/sources_1/new/Alphabet_Design.v"/>
        <Attr Name="ImportTime" Val="1582684828"/>
        <Attr Name="UsedIn" Val="synthesis"/>
        <Attr Name="UsedIn" Val="implementation"/>
        <Attr Name="UsedIn" Val="simulation"/>
      </FileInfo>
    </File>
    <Config>
      <Option Name="DesignMode" Val="RTL"/>
      <Option Name="TopModule" Val="Final_design"/>
    </Config>
  </FileSet>
  <FileSet Name="constrs_in" Type="Constrs" RelSrcDir="$PSRCDIR/constrs_1">
    <Filter Type="Constrs"/>
    <File Path="$PSRCDIR/constrs_1/new/constraints_folder.xdc">
      <FileInfo>
        <Attr Name="ImportPath" Val="$PPRDIR/../../../../../../Lab3_EE2026/Lab3_EE2026.srcs/constrs_1/new/constraints_folder.xdc"/>
        <Attr Name="ImportTime" Val="1582671406"/>
        <Attr Name="UsedIn" Val="synthesis"/>
        <Attr Name="UsedIn" Val="implementation"/>
      </FileInfo>
    </File>
    <Config>
      <Option Name="ConstrsType" Val="XDC"/>
    </Config>
  </FileSet>
  <Strategy Version="1" Minor="2">
    <StratHandle Name="Vivado Synthesis Defaults" Flow="Vivado Synthesis 2018"/>
    <Step Id="synth_design"/>
  </Strategy>
</GenRun>
