<?xml version="1.0" encoding="UTF-8"?>
<GenRun Id="impl_1" LaunchPart="xc7a35tcpg236-1" LaunchTime="1582688035">
  <File Type="BITSTR-BMM" Name="Final_design_bd.bmm"/>
  <File Type="OPT-METHODOLOGY-DRC" Name="Final_design_methodology_drc_opted.rpt"/>
  <File Type="INIT-TIMING" Name="Final_design_timing_summary_init.rpt"/>
  <File Type="ROUTE-PWR" Name="Final_design_power_routed.rpt"/>
  <File Type="PA-TCL" Name="Final_design.tcl"/>
  <File Type="OPT-TIMING" Name="Final_design_timing_summary_opted.rpt"/>
  <File Type="OPT-DCP" Name="Final_design_opt.dcp"/>
  <File Type="ROUTE-PWR-SUM" Name="Final_design_power_summary_routed.pb"/>
  <File Type="REPORTS-TCL" Name="Final_design_reports.tcl"/>
  <File Type="OPT-DRC" Name="Final_design_drc_opted.rpt"/>
  <File Type="OPT-HWDEF" Name="Final_design.hwdef"/>
  <File Type="PWROPT-DCP" Name="Final_design_pwropt.dcp"/>
  <File Type="PWROPT-DRC" Name="Final_design_drc_pwropted.rpt"/>
  <File Type="PWROPT-TIMING" Name="Final_design_timing_summary_pwropted.rpt"/>
  <File Type="PLACE-DCP" Name="Final_design_placed.dcp"/>
  <File Type="PLACE-IO" Name="Final_design_io_placed.rpt"/>
  <File Type="PLACE-CLK" Name="Final_design_clock_utilization_placed.rpt"/>
  <File Type="PLACE-UTIL" Name="Final_design_utilization_placed.rpt"/>
  <File Type="PLACE-UTIL-PB" Name="Final_design_utilization_placed.pb"/>
  <File Type="PLACE-CTRL" Name="Final_design_control_sets_placed.rpt"/>
  <File Type="PLACE-SIMILARITY" Name="Final_design_incremental_reuse_placed.rpt"/>
  <File Type="PLACE-PRE-SIMILARITY" Name="Final_design_incremental_reuse_pre_placed.rpt"/>
  <File Type="BG-BGN" Name="Final_design.bgn"/>
  <File Type="PLACE-TIMING" Name="Final_design_timing_summary_placed.rpt"/>
  <File Type="POSTPLACE-PWROPT-DCP" Name="Final_design_postplace_pwropt.dcp"/>
  <File Type="BG-BIN" Name="Final_design.bin"/>
  <File Type="POSTPLACE-PWROPT-TIMING" Name="Final_design_timing_summary_postplace_pwropted.rpt"/>
  <File Type="PHYSOPT-DCP" Name="Final_design_physopt.dcp"/>
  <File Type="PHYSOPT-DRC" Name="Final_design_drc_physopted.rpt"/>
  <File Type="BITSTR-MSK" Name="Final_design.msk"/>
  <File Type="PHYSOPT-TIMING" Name="Final_design_timing_summary_physopted.rpt"/>
  <File Type="ROUTE-ERROR-DCP" Name="Final_design_routed_error.dcp"/>
  <File Type="ROUTE-DCP" Name="Final_design_routed.dcp"/>
  <File Type="ROUTE-BLACKBOX-DCP" Name="Final_design_routed_bb.dcp"/>
  <File Type="ROUTE-DRC" Name="Final_design_drc_routed.rpt"/>
  <File Type="ROUTE-DRC-PB" Name="Final_design_drc_routed.pb"/>
  <File Type="BITSTR-LTX" Name="debug_nets.ltx"/>
  <File Type="BITSTR-LTX" Name="Final_design.ltx"/>
  <File Type="ROUTE-DRC-RPX" Name="Final_design_drc_routed.rpx"/>
  <File Type="BITSTR-MMI" Name="Final_design.mmi"/>
  <File Type="ROUTE-METHODOLOGY-DRC" Name="Final_design_methodology_drc_routed.rpt"/>
  <File Type="ROUTE-METHODOLOGY-DRC-RPX" Name="Final_design_methodology_drc_routed.rpx"/>
  <File Type="BITSTR-SYSDEF" Name="Final_design.sysdef"/>
  <File Type="ROUTE-METHODOLOGY-DRC-PB" Name="Final_design_methodology_drc_routed.pb"/>
  <File Type="ROUTE-PWR-RPX" Name="Final_design_power_routed.rpx"/>
  <File Type="ROUTE-STATUS" Name="Final_design_route_status.rpt"/>
  <File Type="ROUTE-STATUS-PB" Name="Final_design_route_status.pb"/>
  <File Type="ROUTE-TIMINGSUMMARY" Name="Final_design_timing_summary_routed.rpt"/>
  <File Type="ROUTE-TIMING-PB" Name="Final_design_timing_summary_routed.pb"/>
  <File Type="ROUTE-TIMING-RPX" Name="Final_design_timing_summary_routed.rpx"/>
  <File Type="ROUTE-SIMILARITY" Name="Final_design_incremental_reuse_routed.rpt"/>
  <File Type="ROUTE-CLK" Name="Final_design_clock_utilization_routed.rpt"/>
  <File Type="ROUTE-BUS-SKEW" Name="Final_design_bus_skew_routed.rpt"/>
  <File Type="ROUTE-BUS-SKEW-PB" Name="Final_design_bus_skew_routed.pb"/>
  <File Type="ROUTE-BUS-SKEW-RPX" Name="Final_design_bus_skew_routed.rpx"/>
  <File Type="POSTROUTE-PHYSOPT-DCP" Name="Final_design_postroute_physopt.dcp"/>
  <File Type="POSTROUTE-PHYSOPT-BLACKBOX-DCP" Name="Final_design_postroute_physopt_bb.dcp"/>
  <File Type="POSTROUTE-PHYSOPT-TIMING" Name="Final_design_timing_summary_postroute_physopted.rpt"/>
  <File Type="POSTROUTE-PHYSOPT-TIMING-PB" Name="Final_design_timing_summary_postroute_physopted.pb"/>
  <File Type="POSTROUTE-PHYSOPT-TIMING-RPX" Name="Final_design_timing_summary_postroute_physopted.rpx"/>
  <File Type="POSTROUTE-PHYSOPT-BUS-SKEW" Name="Final_design_bus_skew_postroute_physopted.rpt"/>
  <File Type="POSTROUTE-PHYSOPT-BUS-SKEW-PB" Name="Final_design_bus_skew_postroute_physopted.pb"/>
  <File Type="BG-BIT" Name="Final_design.bit"/>
  <File Type="POSTROUTE-PHYSOPT-BUS-SKEW-RPX" Name="Final_design_bus_skew_postroute_physopted.rpx"/>
  <File Type="BITSTR-RBT" Name="Final_design.rbt"/>
  <File Type="BITSTR-NKY" Name="Final_design.nky"/>
  <File Type="BG-DRC" Name="Final_design.drc"/>
  <File Type="RDI-RDI" Name="Final_design.vdi"/>
  <File Type="WBT-USG" Name="usage_statistics_webtalk.html"/>
  <FileSet Name="sources" Type="DesignSrcs" RelSrcDir="$PSRCDIR/sources_1">
    <Filter Type="Srcs"/>
    <File Path="$PSRCDIR/sources_1/new/Clock_High_Speed_Design.v">
      <FileInfo>
        <Attr Name="ImportPath" Val="$PPRDIR/../../../../../../Lab3_EE2026/Lab3_EE2026.srcs/sources_1/new/Clock_High_Speed_Design.v"/>
        <Attr Name="ImportTime" Val="1582541567"/>
        <Attr Name="UsedIn" Val="synthesis"/>
        <Attr Name="UsedIn" Val="implementation"/>
        <Attr Name="UsedIn" Val="simulation"/>
      </FileInfo>
    </File>
    <File Path="$PSRCDIR/sources_1/new/Clock_Low_Speed_Design.v">
      <FileInfo>
        <Attr Name="ImportPath" Val="$PPRDIR/../../../../../../Lab3_EE2026/Lab3_EE2026.srcs/sources_1/new/Clock_Low_Speed_Design.v"/>
        <Attr Name="ImportTime" Val="1582543734"/>
        <Attr Name="UsedIn" Val="synthesis"/>
        <Attr Name="UsedIn" Val="implementation"/>
        <Attr Name="UsedIn" Val="simulation"/>
      </FileInfo>
    </File>
    <File Path="$PSRCDIR/sources_1/new/Clock_Medium_Speed_Design.v">
      <FileInfo>
        <Attr Name="ImportPath" Val="$PPRDIR/../../../../../../Lab3_EE2026/Lab3_EE2026.srcs/sources_1/new/Clock_Medium_Speed_Design.v"/>
        <Attr Name="ImportTime" Val="1582540779"/>
        <Attr Name="UsedIn" Val="synthesis"/>
        <Attr Name="UsedIn" Val="implementation"/>
        <Attr Name="UsedIn" Val="simulation"/>
      </FileInfo>
    </File>
    <File Path="$PSRCDIR/sources_1/new/Seven_Segment_Design.v">
      <FileInfo>
        <Attr Name="ImportPath" Val="$PPRDIR/../../../../../../Lab3_EE2026/Lab3_EE2026.srcs/sources_1/new/Seven_Segment_Design.v"/>
        <Attr Name="ImportTime" Val="1582683342"/>
        <Attr Name="UsedIn" Val="synthesis"/>
        <Attr Name="UsedIn" Val="implementation"/>
        <Attr Name="UsedIn" Val="simulation"/>
      </FileInfo>
    </File>
    <File Path="$PSRCDIR/sources_1/new/Task_B_design.v">
      <FileInfo>
        <Attr Name="ImportPath" Val="$PPRDIR/../../../../../../Lab3_EE2026/Lab3_EE2026.srcs/sources_1/new/Task_B_design.v"/>
        <Attr Name="ImportTime" Val="1582687706"/>
        <Attr Name="UsedIn" Val="synthesis"/>
        <Attr Name="UsedIn" Val="implementation"/>
        <Attr Name="UsedIn" Val="simulation"/>
      </FileInfo>
    </File>
    <File Path="$PSRCDIR/sources_1/new/TaskA_design.v">
      <FileInfo>
        <Attr Name="AutoDisabled" Val="1"/>
        <Attr Name="ImportPath" Val="$PPRDIR/../../../../../../Lab3_EE2026/Lab3_EE2026.srcs/sources_1/new/TaskA_design.v"/>
        <Attr Name="ImportTime" Val="1582671399"/>
        <Attr Name="UsedIn" Val="synthesis"/>
        <Attr Name="UsedIn" Val="implementation"/>
        <Attr Name="UsedIn" Val="simulation"/>
      </FileInfo>
    </File>
    <File Path="$PSRCDIR/sources_1/new/Alphabet_Design.v">
      <FileInfo>
        <Attr Name="AutoDisabled" Val="1"/>
        <Attr Name="ImportPath" Val="$PPRDIR/../../../../../../Lab3_EE2026/Lab3_EE2026.srcs/sources_1/new/Alphabet_Design.v"/>
        <Attr Name="ImportTime" Val="1582684828"/>
        <Attr Name="UsedIn" Val="synthesis"/>
        <Attr Name="UsedIn" Val="implementation"/>
        <Attr Name="UsedIn" Val="simulation"/>
      </FileInfo>
    </File>
    <Config>
      <Option Name="DesignMode" Val="RTL"/>
      <Option Name="TopModule" Val="Final_design"/>
    </Config>
  </FileSet>
  <FileSet Name="constrs_in" Type="Constrs" RelSrcDir="$PSRCDIR/constrs_1">
    <Filter Type="Constrs"/>
    <File Path="$PSRCDIR/constrs_1/new/constraints_folder.xdc">
      <FileInfo>
        <Attr Name="ImportPath" Val="$PPRDIR/../../../../../../Lab3_EE2026/Lab3_EE2026.srcs/constrs_1/new/constraints_folder.xdc"/>
        <Attr Name="ImportTime" Val="1582671406"/>
        <Attr Name="UsedIn" Val="synthesis"/>
        <Attr Name="UsedIn" Val="implementation"/>
      </FileInfo>
    </File>
    <Config>
      <Option Name="ConstrsType" Val="XDC"/>
    </Config>
  </FileSet>
  <Strategy Version="1" Minor="2">
    <StratHandle Name="Vivado Implementation Defaults" Flow="Vivado Implementation 2018"/>
    <Step Id="init_design"/>
    <Step Id="opt_design"/>
    <Step Id="power_opt_design"/>
    <Step Id="place_design"/>
    <Step Id="post_place_power_opt_design"/>
    <Step Id="phys_opt_design"/>
    <Step Id="route_design"/>
    <Step Id="post_route_phys_opt_design"/>
    <Step Id="write_bitstream"/>
  </Strategy>
</GenRun>
